{"cameraMode":{"drawMode":0,"name":"Shaded","section":"Shading Mode"},"sceneLighting":false,"audioPlay":false,"sceneViewState":{"m_AlwaysRefresh":false,"showFog":false,"showSkybox":false,"showFlares":false,"showImageEffects":false,"showParticleSystems":false,"showVisualEffectGraphs":true,"m_FxEnabled":true},"in2DMode":false,"pivot":{"x":0.3109252452850342,"y":1.8477318286895753,"z":0.5692558288574219},"rotation":{"x":0.4673764109611511,"y":-0.00265114801004529,"z":0.0014218437718227506,"w":0.8840827345848084},"size":3.3044540882110597,"orthographic":false}