{"cameraMode":{"drawMode":0,"name":"Shaded","section":"Shading Mode"},"sceneLighting":true,"audioPlay":false,"sceneViewState":{"m_AlwaysRefresh":true,"showFog":true,"showSkybox":false,"showFlares":true,"showImageEffects":true,"showParticleSystems":true,"showVisualEffectGraphs":true,"m_FxEnabled":true},"in2DMode":false,"pivot":{"x":-5.7983598709106449,"y":-1.4775428771972657,"z":-11.878817558288575},"rotation":{"x":-0.24006056785583497,"y":0.42288291454315188,"z":-0.11700890213251114,"w":-0.8660643696784973},"size":13.381975173950196,"orthographic":false}