{"cameraMode":{"drawMode":0,"name":"Shaded","section":"Shading Mode"},"sceneLighting":true,"audioPlay":false,"sceneViewState":{"m_AlwaysRefresh":true,"showFog":true,"showSkybox":false,"showFlares":true,"showImageEffects":true,"showParticleSystems":true,"showVisualEffectGraphs":true,"m_FxEnabled":true},"in2DMode":false,"pivot":{"x":1.2956808805465699,"y":0.007944166660308838,"z":18.92859649658203},"rotation":{"x":0.7835354208946228,"y":-0.04634792357683182,"z":0.05887560546398163,"w":0.6168131828308106},"size":1.1609580516815186,"orthographic":false}