{"cameraMode":{"drawMode":0,"name":"Shaded","section":"Shading Mode"},"sceneLighting":true,"audioPlay":false,"sceneViewState":{"m_AlwaysRefresh":true,"showFog":true,"showSkybox":false,"showFlares":true,"showImageEffects":true,"showParticleSystems":true,"showVisualEffectGraphs":true,"m_FxEnabled":true},"in2DMode":false,"pivot":{"x":7.798099517822266,"y":-8.880025863647461,"z":-0.8472137451171875},"rotation":{"x":-0.4504234790802002,"y":-0.049240101128816608,"z":0.02489405870437622,"w":-0.8911309838294983},"size":19.380884170532228,"orthographic":false}