{"cameraMode":{"drawMode":0,"name":"Shaded","section":"Shading Mode"},"sceneLighting":true,"audioPlay":false,"sceneViewState":{"m_AlwaysRefresh":true,"showFog":true,"showSkybox":false,"showFlares":true,"showImageEffects":true,"showParticleSystems":true,"showVisualEffectGraphs":true,"m_FxEnabled":true},"in2DMode":false,"pivot":{"x":20.685266494750978,"y":8.934221267700196,"z":12.677132606506348},"rotation":{"x":-0.38602206110954287,"y":0.04894483461976051,"z":-0.02051003836095333,"w":-0.9209815263748169},"size":2.5644333362579347,"orthographic":false}