{"cameraMode":{"drawMode":0,"name":"Shaded","section":"Shading Mode"},"sceneLighting":true,"audioPlay":false,"sceneViewState":{"m_AlwaysRefresh":true,"showFog":true,"showSkybox":false,"showFlares":true,"showImageEffects":true,"showParticleSystems":true,"showVisualEffectGraphs":true,"m_FxEnabled":true},"in2DMode":false,"pivot":{"x":8.816125869750977,"y":2.585674524307251,"z":29.177772521972658},"rotation":{"x":-0.18612386286258698,"y":0.30221813917160036,"z":-0.060034655034542087,"w":-0.9331024289131165},"size":18.374744415283204,"orthographic":false}