{"cameraMode":{"drawMode":0,"name":"Shaded","section":"Shading Mode"},"sceneLighting":true,"audioPlay":false,"sceneViewState":{"m_AlwaysRefresh":true,"showFog":true,"showSkybox":false,"showFlares":true,"showImageEffects":true,"showParticleSystems":true,"showVisualEffectGraphs":true,"m_FxEnabled":true},"in2DMode":false,"pivot":{"x":7.296884536743164,"y":-0.5912482738494873,"z":-0.9820961952209473},"rotation":{"x":-0.18878689408302308,"y":0.5020198822021484,"z":-0.11331426352262497,"w":-0.8363701701164246},"size":13.367411613464356,"orthographic":false}