{"cameraMode":{"drawMode":0,"name":"Shaded","section":"Shading Mode"},"sceneLighting":true,"audioPlay":false,"sceneViewState":{"m_AlwaysRefresh":true,"showFog":true,"showSkybox":false,"showFlares":true,"showImageEffects":true,"showParticleSystems":true,"showVisualEffectGraphs":true,"m_FxEnabled":true},"in2DMode":false,"pivot":{"x":14.864058494567871,"y":11.016810417175293,"z":-15.366159439086914},"rotation":{"x":-0.23509104549884797,"y":0.1514764130115509,"z":-0.03711842745542526,"w":-0.9593791961669922},"size":4.108963489532471,"orthographic":false}