{"cameraMode":{"drawMode":0,"name":"Shaded","section":"Shading Mode"},"sceneLighting":false,"audioPlay":false,"sceneViewState":{"showFog":false,"showMaterialUpdate":false,"showSkybox":false,"showFlares":false,"showImageEffects":false,"showParticleSystems":false},"in2DMode":false,"pivot":{"x":-6.555934429168701,"y":2.783109664916992,"z":-2.40740966796875},"rotation":{"x":-0.23734252154827119,"y":-0.7602022290229797,"z":0.4612865149974823,"w":-0.3911498188972473},"size":6.060983180999756,"orthographic":false}