{"cameraMode":{"drawMode":0,"name":"Shaded","section":"Shading Mode"},"sceneLighting":false,"audioPlay":false,"sceneViewState":{"showFog":false,"showMaterialUpdate":false,"showSkybox":false,"showFlares":false,"showImageEffects":false,"showParticleSystems":false},"in2DMode":false,"pivot":{"x":8.460067749023438,"y":2.317009449005127,"z":-7.590000152587891},"rotation":{"x":0.06227137893438339,"y":0.9287395477294922,"z":-0.3160346746444702,"w":0.18452592194080354},"size":4.325226783752441,"orthographic":false}