{"cameraMode":{"drawMode":0,"name":"Shaded","section":"Shading Mode"},"sceneLighting":true,"audioPlay":false,"sceneViewState":{"showFog":false,"showMaterialUpdate":false,"showSkybox":false,"showFlares":false,"showImageEffects":false,"showParticleSystems":false},"in2DMode":false,"pivot":{"x":3.3956360816955568,"y":-1.0177116394042969,"z":-1.5653419494628907},"rotation":{"x":0.2799132764339447,"y":-0.2586928606033325,"z":0.0784386619925499,"w":0.9213806390762329},"size":8.426077842712403,"orthographic":false}